{"cameraMode":{"drawMode":0,"name":"Shaded","section":"Shading Mode"},"sceneLighting":true,"audioPlay":false,"sceneViewState":{"showFog":true,"showMaterialUpdate":false,"showSkybox":true,"showFlares":true,"showImageEffects":true,"showParticleSystems":true},"in2DMode":false,"pivot":{"x":204.7436981201172,"y":15.722810745239258,"z":359.3931579589844},"rotation":{"x":-0.06801427155733109,"y":-0.9147376418113709,"z":0.17355217039585114,"w":-0.35848134756088259},"size":49.49281692504883,"orthographic":false}