{"cameraMode":{"drawMode":0,"name":"Shaded","section":"Shading Mode"},"sceneLighting":true,"audioPlay":false,"sceneViewState":{"showFog":true,"showMaterialUpdate":false,"showSkybox":true,"showFlares":true,"showImageEffects":true,"showParticleSystems":true},"in2DMode":false,"pivot":{"x":200.77685546875,"y":7.7690300941467289,"z":324.44024658203127},"rotation":{"x":0.049554821103811267,"y":-0.6970996856689453,"z":0.048407573252916339,"w":0.7136197090148926},"size":3.7770230770111086,"orthographic":false}