{"cameraMode":{"drawMode":0,"name":"Shaded","section":"Shading Mode"},"sceneLighting":true,"audioPlay":false,"sceneViewState":{"showFog":true,"showMaterialUpdate":false,"showSkybox":true,"showFlares":true,"showImageEffects":true,"showParticleSystems":true},"in2DMode":false,"pivot":{"x":-1.317378044128418,"y":6.345277786254883,"z":-1.689835548400879},"rotation":{"x":-0.06646035611629486,"y":0.9155647158622742,"z":-0.16973742842674256,"w":-0.3584878444671631},"size":20.148765563964845,"orthographic":false}