{"cameraMode":{"drawMode":0,"name":"Shaded","section":"Shading Mode"},"sceneLighting":true,"audioPlay":false,"sceneViewState":{"showFog":true,"showMaterialUpdate":false,"showSkybox":true,"showFlares":true,"showImageEffects":true,"showParticleSystems":true},"in2DMode":false,"pivot":{"x":213.7718048095703,"y":-0.8504679799079895,"z":319.982421875},"rotation":{"x":-0.015398859977722168,"y":-0.9833599925041199,"z":0.1006622463464737,"w":-0.15044325590133668},"size":53.72820281982422,"orthographic":false}
